-- phpMyAdmin SQL Dump
-- version 5.2.1
-- https://www.phpmyadmin.net/
--
-- Host: 127.0.0.1
-- Generation Time: Sep 13, 2024 at 11:59 AM
-- Server version: 10.4.28-MariaDB
-- PHP Version: 8.2.4

SET SQL_MODE = "NO_AUTO_VALUE_ON_ZERO";
START TRANSACTION;
SET time_zone = "+00:00";


/*!40101 SET @OLD_CHARACTER_SET_CLIENT=@@CHARACTER_SET_CLIENT */;
/*!40101 SET @OLD_CHARACTER_SET_RESULTS=@@CHARACTER_SET_RESULTS */;
/*!40101 SET @OLD_COLLATION_CONNECTION=@@COLLATION_CONNECTION */;
/*!40101 SET NAMES utf8mb4 */;

--
-- Database: `online_food`
--

-- --------------------------------------------------------

--
-- Table structure for table `admin`
--

CREATE TABLE `admin` (
  `id` int(11) NOT NULL,
  `name` varchar(255) NOT NULL,
  `username` varchar(255) NOT NULL,
  `password` varchar(100) NOT NULL,
  `email` varchar(50) NOT NULL
) ENGINE=InnoDB DEFAULT CHARSET=utf8mb4 COLLATE=utf8mb4_general_ci;

--
-- Dumping data for table `admin`
--

INSERT INTO `admin` (`id`, `name`, `username`, `password`, `email`) VALUES
(1, 'Meher', 'MeherNiger', '1234', 'meher@gmail.com');

-- --------------------------------------------------------

--
-- Table structure for table `banner`
--

CREATE TABLE `banner` (
  `id` int(11) NOT NULL,
  `image` varchar(100) NOT NULL,
  `heading` varchar(500) NOT NULL,
  `sub_heading` varchar(500) NOT NULL,
  `link` varchar(100) NOT NULL,
  `link_txt` varchar(100) NOT NULL,
  `order_number` int(11) NOT NULL,
  `added_on` datetime NOT NULL,
  `status` int(11) NOT NULL
) ENGINE=InnoDB DEFAULT CHARSET=utf8mb4 COLLATE=utf8mb4_general_ci;

--
-- Dumping data for table `banner`
--

INSERT INTO `banner` (`id`, `image`, `heading`, `sub_heading`, `link`, `link_txt`, `order_number`, `added_on`, `status`) VALUES
(2, '557409474_171763421_about-us.jpg', 'Drink & Heathy Food', 'Fresh Heathy and Organic.', 'shop', 'Order Now', 1, '2024-07-02 08:43:26', 1),
(3, '914712227_512470461_banner-6.jpg', 'Drink & Heathy Food', 'Fresh Heathy and Organic.', 'shop', 'Order Now', 2, '2024-07-02 11:09:07', 1);

-- --------------------------------------------------------

--
-- Table structure for table `category`
--

CREATE TABLE `category` (
  `id` int(11) NOT NULL,
  `category` varchar(50) NOT NULL,
  `order_number` int(11) NOT NULL,
  `status` int(11) NOT NULL,
  `added_on` datetime NOT NULL
) ENGINE=InnoDB DEFAULT CHARSET=utf8mb4 COLLATE=utf8mb4_general_ci;

--
-- Dumping data for table `category`
--

INSERT INTO `category` (`id`, `category`, `order_number`, `status`, `added_on`) VALUES
(1, 'Drinks', 1, 1, '2024-06-18 16:10:12'),
(2, 'Chinese', 2, 1, '2024-06-18 16:10:12'),
(8, 'Bangladeshi Dishes', 2, 1, '2024-06-18 16:13:44'),
(9, 'Desserts', 4, 1, '2024-06-18 16:13:44');

-- --------------------------------------------------------

--
-- Table structure for table `contact_us`
--

CREATE TABLE `contact_us` (
  `id` int(11) NOT NULL,
  `name` varchar(100) NOT NULL,
  `email` varchar(100) NOT NULL,
  `mobile` varchar(15) NOT NULL,
  `subject` varchar(200) NOT NULL,
  `message` text NOT NULL,
  `added_on` datetime NOT NULL
) ENGINE=InnoDB DEFAULT CHARSET=utf8mb4 COLLATE=utf8mb4_general_ci;

--
-- Dumping data for table `contact_us`
--

INSERT INTO `contact_us` (`id`, `name`, `email`, `mobile`, `subject`, `message`, `added_on`) VALUES
(1, 'Meher', 'test@gmail.com', '01787459874', 'Test Subject', 'Test Message', '2024-07-02 04:45:01'),
(2, 'Niger', 'test@gmail.com', '01348777777', 'Don\'t Know', 'Tell me something.', '2024-07-02 04:48:15');

-- --------------------------------------------------------

--
-- Table structure for table `coupon_code`
--

CREATE TABLE `coupon_code` (
  `id` int(11) NOT NULL,
  `coupon_code` varchar(50) NOT NULL,
  `coupon_type` enum('P','F') NOT NULL,
  `coupon_value` int(11) NOT NULL,
  `cart_min_value` int(11) NOT NULL,
  `expired_on` date NOT NULL,
  `status` int(11) NOT NULL,
  `added_on` datetime NOT NULL
) ENGINE=InnoDB DEFAULT CHARSET=utf8mb4 COLLATE=utf8mb4_general_ci;

--
-- Dumping data for table `coupon_code`
--

INSERT INTO `coupon_code` (`id`, `coupon_code`, `coupon_type`, `coupon_value`, `cart_min_value`, `expired_on`, `status`, `added_on`) VALUES
(1, 'First20', 'F', 100, 300, '2024-06-17', 1, '2024-06-14 05:57:23');

-- --------------------------------------------------------

--
-- Table structure for table `delivery_boy`
--

CREATE TABLE `delivery_boy` (
  `id` int(11) NOT NULL,
  `name` varchar(50) NOT NULL,
  `mobile` varchar(50) NOT NULL,
  `password` varchar(50) NOT NULL,
  `status` int(11) NOT NULL,
  `added_on` datetime NOT NULL
) ENGINE=InnoDB DEFAULT CHARSET=utf8mb4 COLLATE=utf8mb4_general_ci;

-- --------------------------------------------------------

--
-- Table structure for table `dish`
--

CREATE TABLE `dish` (
  `id` int(11) NOT NULL,
  `category_id` int(11) NOT NULL,
  `dish` varchar(100) NOT NULL,
  `dish_detail` text NOT NULL,
  `image` varchar(100) NOT NULL,
  `status` int(11) NOT NULL,
  `added_on` datetime NOT NULL
) ENGINE=InnoDB DEFAULT CHARSET=utf8mb4 COLLATE=utf8mb4_general_ci;

--
-- Dumping data for table `dish`
--

INSERT INTO `dish` (`id`, `category_id`, `dish`, `dish_detail`, `image`, `status`, `added_on`) VALUES
(1, 1, 'Cold Drink', 'Cold Drink Test', '685903643_cold-drinks.jpeg', 1, '2024-06-18 16:15:13'),
(2, 2, 'Naga Wings', 'Naga Wings Test', '948183452_nagawings.jpeg', 1, '2024-06-18 16:30:41'),
(4, 9, 'Golapjamun', 'A', '308900823_gulab-jamun.jpg', 1, '2024-06-26 05:22:38'),
(5, 2, 'Pizza', 'Pizza', '382930496_pizza.jpeg', 1, '2024-07-01 02:48:29'),
(6, 1, 'Cold Coffee', 'Cold Coffee Test', '998987698_cold-coffee.jpg', 1, '2024-07-01 03:12:34');

-- --------------------------------------------------------

--
-- Table structure for table `dish_details`
--

CREATE TABLE `dish_details` (
  `id` int(11) NOT NULL,
  `dish_id` int(11) NOT NULL,
  `attribute` varchar(100) NOT NULL,
  `price` int(11) NOT NULL,
  `status` int(11) NOT NULL,
  `added_on` datetime NOT NULL
) ENGINE=InnoDB DEFAULT CHARSET=utf8mb4 COLLATE=utf8mb4_general_ci;

--
-- Dumping data for table `dish_details`
--

INSERT INTO `dish_details` (`id`, `dish_id`, `attribute`, `price`, `status`, `added_on`) VALUES
(1, 6, 'Half', 100, 1, '2024-07-01 03:12:34'),
(3, 6, 'Full ', 185, 1, '2024-07-02 04:11:39'),
(4, 2, '4 piece', 130, 1, '2024-07-05 01:10:14'),
(5, 2, '6 piece', 170, 1, '2024-07-05 01:10:14'),
(6, 4, '1 kg', 700, 1, '2024-07-05 01:11:14');

-- --------------------------------------------------------

--
-- Table structure for table `order_detail`
--

CREATE TABLE `order_detail` (
  `id` int(11) NOT NULL,
  `order_id` int(11) NOT NULL,
  `dish_details_id` int(11) NOT NULL,
  `price` float NOT NULL,
  `gst` float NOT NULL
) ENGINE=InnoDB DEFAULT CHARSET=utf8mb4 COLLATE=utf8mb4_general_ci;

-- --------------------------------------------------------

--
-- Table structure for table `order_master`
--

CREATE TABLE `order_master` (
  `id` int(11) NOT NULL,
  `user_id` int(11) NOT NULL,
  `name` varchar(50) NOT NULL,
  `email` varchar(50) NOT NULL,
  `mobile` varchar(50) NOT NULL,
  `address` text NOT NULL,
  `total_price` float NOT NULL,
  `gst` float NOT NULL,
  `delivery_boy_id` int(11) NOT NULL,
  `payment_status` int(11) NOT NULL,
  `order_status` int(11) NOT NULL,
  `added_on` datetime NOT NULL
) ENGINE=InnoDB DEFAULT CHARSET=utf8mb4 COLLATE=utf8mb4_general_ci;

-- --------------------------------------------------------

--
-- Table structure for table `order_status`
--

CREATE TABLE `order_status` (
  `id` int(11) NOT NULL,
  `order_status` varchar(200) NOT NULL
) ENGINE=InnoDB DEFAULT CHARSET=utf8mb4 COLLATE=utf8mb4_general_ci;

-- --------------------------------------------------------

--
-- Table structure for table `user`
--

CREATE TABLE `user` (
  `id` int(11) NOT NULL,
  `name` varchar(50) NOT NULL,
  `email` varchar(50) NOT NULL,
  `mobile` varchar(15) NOT NULL,
  `password` varchar(100) NOT NULL,
  `status` int(11) NOT NULL,
  `email_verify` int(11) NOT NULL,
  `rand_str` varchar(20) NOT NULL,
  `added_on` datetime NOT NULL
) ENGINE=InnoDB DEFAULT CHARSET=utf8mb4 COLLATE=utf8mb4_general_ci;

--
-- Dumping data for table `user`
--

INSERT INTO `user` (`id`, `name`, `email`, `mobile`, `password`, `status`, `email_verify`, `rand_str`, `added_on`) VALUES
(1, 'TestUser', 'meher@gmail.com', '01725825751', '12345', 1, 0, '', '2024-06-14 17:25:21'),
(2, 'Test', 'test@gmail.com', '01311111111', '1234', 1, 0, '', '2024-07-05 03:01:23'),
(3, 'Test', 'test1@gmail.com', '01311111111', '1234', 1, 0, '', '2024-07-05 03:01:40'),
(4, 'Test2', 'test2@gmail.com', '01311111112', '1234', 1, 0, '', '2024-07-05 03:03:59'),
(5, 'Test3', 'test3@gmail.com', '01311111113', '1234', 0, 0, '', '2024-07-05 03:15:15'),
(10, 'MNRafia', 'meherniger202@gmail.com', '01787459874', '$2y$10$SmptfSI5KqyStOTtYCc5De5vgwh2hlOX6xoZNg59bDGEX.qWFu8tK', 1, 1, 'nhcamxozvwvadeg', '2024-08-21 05:32:21'),
(11, 'MN', 'test123@gmail.com', '0131111', '$2y$10$mLpDGGHObUT2YFnbcuQteeWZOBI9ADqgv8IBceCOWtPiX.bOV/rsq', 1, 0, 'vzxdnktooliwvpy', '2024-08-21 05:35:59');

--
-- Indexes for dumped tables
--

--
-- Indexes for table `admin`
--
ALTER TABLE `admin`
  ADD PRIMARY KEY (`id`);

--
-- Indexes for table `banner`
--
ALTER TABLE `banner`
  ADD PRIMARY KEY (`id`);

--
-- Indexes for table `category`
--
ALTER TABLE `category`
  ADD PRIMARY KEY (`id`);

--
-- Indexes for table `contact_us`
--
ALTER TABLE `contact_us`
  ADD PRIMARY KEY (`id`);

--
-- Indexes for table `coupon_code`
--
ALTER TABLE `coupon_code`
  ADD PRIMARY KEY (`id`);

--
-- Indexes for table `delivery_boy`
--
ALTER TABLE `delivery_boy`
  ADD PRIMARY KEY (`id`);

--
-- Indexes for table `dish`
--
ALTER TABLE `dish`
  ADD PRIMARY KEY (`id`);

--
-- Indexes for table `dish_details`
--
ALTER TABLE `dish_details`
  ADD PRIMARY KEY (`id`);

--
-- Indexes for table `order_detail`
--
ALTER TABLE `order_detail`
  ADD PRIMARY KEY (`id`);

--
-- Indexes for table `order_master`
--
ALTER TABLE `order_master`
  ADD PRIMARY KEY (`id`);

--
-- Indexes for table `order_status`
--
ALTER TABLE `order_status`
  ADD PRIMARY KEY (`id`);

--
-- Indexes for table `user`
--
ALTER TABLE `user`
  ADD PRIMARY KEY (`id`);

--
-- AUTO_INCREMENT for dumped tables
--

--
-- AUTO_INCREMENT for table `admin`
--
ALTER TABLE `admin`
  MODIFY `id` int(11) NOT NULL AUTO_INCREMENT, AUTO_INCREMENT=2;

--
-- AUTO_INCREMENT for table `banner`
--
ALTER TABLE `banner`
  MODIFY `id` int(11) NOT NULL AUTO_INCREMENT, AUTO_INCREMENT=4;

--
-- AUTO_INCREMENT for table `category`
--
ALTER TABLE `category`
  MODIFY `id` int(11) NOT NULL AUTO_INCREMENT, AUTO_INCREMENT=10;

--
-- AUTO_INCREMENT for table `contact_us`
--
ALTER TABLE `contact_us`
  MODIFY `id` int(11) NOT NULL AUTO_INCREMENT, AUTO_INCREMENT=3;

--
-- AUTO_INCREMENT for table `coupon_code`
--
ALTER TABLE `coupon_code`
  MODIFY `id` int(11) NOT NULL AUTO_INCREMENT, AUTO_INCREMENT=2;

--
-- AUTO_INCREMENT for table `delivery_boy`
--
ALTER TABLE `delivery_boy`
  MODIFY `id` int(11) NOT NULL AUTO_INCREMENT;

--
-- AUTO_INCREMENT for table `dish`
--
ALTER TABLE `dish`
  MODIFY `id` int(11) NOT NULL AUTO_INCREMENT, AUTO_INCREMENT=7;

--
-- AUTO_INCREMENT for table `dish_details`
--
ALTER TABLE `dish_details`
  MODIFY `id` int(11) NOT NULL AUTO_INCREMENT, AUTO_INCREMENT=7;

--
-- AUTO_INCREMENT for table `order_detail`
--
ALTER TABLE `order_detail`
  MODIFY `id` int(11) NOT NULL AUTO_INCREMENT;

--
-- AUTO_INCREMENT for table `order_master`
--
ALTER TABLE `order_master`
  MODIFY `id` int(11) NOT NULL AUTO_INCREMENT;

--
-- AUTO_INCREMENT for table `order_status`
--
ALTER TABLE `order_status`
  MODIFY `id` int(11) NOT NULL AUTO_INCREMENT;

--
-- AUTO_INCREMENT for table `user`
--
ALTER TABLE `user`
  MODIFY `id` int(11) NOT NULL AUTO_INCREMENT, AUTO_INCREMENT=12;
COMMIT;

/*!40101 SET CHARACTER_SET_CLIENT=@OLD_CHARACTER_SET_CLIENT */;
/*!40101 SET CHARACTER_SET_RESULTS=@OLD_CHARACTER_SET_RESULTS */;
/*!40101 SET COLLATION_CONNECTION=@OLD_COLLATION_CONNECTION */;
